coupon_no,coupon_val,face_val,coupon_rate,bond_price,maturity,ytm,issue_date,trans_id
9037508365,100,1000,0.1,1134.2,10,0.08,12/10/2022,600076
9249769065,100,1000,0.1,1196.36,20,0.08,4/23/2023,884493
2099541890,400,2000,0.2,4054.27,15,0.08,3/4/2023,642046
1298253429,25,500,0.05,371.61,15,0.08,4/8/2023,240089
9898158824,100,1000,0.1,1213.5,25,0.08,1/7/2023,282406
5058289974,10,100,0.1,122.52,30,0.08,10/19/2023,773976
5724833533,120,600,0.2,1368.58,25,0.08,4/18/2023,849839
2236165534,200,1000,0.2,1479.13,5,0.08,4/18/2023,755732
2647850241,50,1000,0.05,922.69,3,0.08,5/10/2023,792965
5072782034,100,1000,0.1,1134.2,10,0.08,9/8/2023,645152
